行业,公司,岗位,项目形式,项目时间,项目地点,项目收获,入职要求,1-2个月售价,3个月售价,JD,备注,,,,,,,,,
公共事业&NGO&国际组织,联合国教科文ICEE未来科技教育基地,数据分析-技术型,实地,1-2个月,北京,企业邮箱推荐信+实习证明+就业背调,简历评估+面试（根据简历情况）,"11,000 ",每增加1月+2000,"北京  ICEE  数据分析-技术型

1、全局的技术规划，非常明确的指引整个团队向同一个
方向努力
2、项目全局方法的统一、规范的制定和执行机制的完善
3、完备的基础构建、项目落地的规划等。",每增加1个月+2000成本,,,,,,,,,
,,数据挖掘工程师,实地,1-2个月,北京,企业邮箱推荐信+实习证明+就业背调,简历评估+面试（根据简历情况）,"11,000 ",每增加1月+2000,"北京 ICEE：数据挖掘工程师

1、数据的收集整理
2、数据的清洗
3、利用一些机器学习和深度学习的数据挖掘算法完成对
数据的挖掘
4、找出数据更深层次的规律和含义。",,,,,,,,,,
,,教育政策,实地,1-2个月,北京,企业邮箱推荐信+实习证明+就业背调,简历评估+面试（根据简历情况）,"11,000 ",每增加1月+2000,"北京  ICEE  教育政策

岗位描述：
1、跟踪教育行业相关政策最新动态，开展区域发展的相关性研究；
2、协助政府部门开展基准研究，参与项目调研，撰写项目研究报告；
3、完成导师分派的其他工作；
岗位要求：
1、本科学历以上，经济学、管理学、教育学等相关专业；
2、较强的逻辑思维和学习、沟通、协调及表达能力；
3、熟练操作ppt、word、excel等办公软件；
4、较强的工作责任心和敬业、踏实、团队合作精神、乐观精神。",,,,,,,,,,
,,前端开发,实地,1-2个月,北京,企业邮箱推荐信+实习证明+就业背调,简历评估+面试（根据简历情况）,"11,000 ",每增加1月+2000,"北京 ICEE：前端开发

1、了解前端发展历史，熟悉前端开发语言。
2、负责网站产品的前端功能设计、开发和优化。
3、负责网站前端基础模块的开发和维护。
4、与设计师协作实现页面与交互，与后端工程师完成前
后端功能联调。
5、网站功能测试、bug 修复。",,系统编号 官网下载证明,,,,,,,,
,,后端开发,实地,1-2个月,北京,企业邮箱推荐信+实习证明+就业背调,简历评估+面试（根据简历情况）,"11,000 ",每增加1月+2000,"北京  ICEE  后端开发

1、根据需求文档完成数据库及程序设计。
2、制定开发计划并能够分析解决软件开发过程中的问
题。
3、负责后端基础模块的开发和维护。
4、与前端工程师完成前后端功能联调。
5、系统功能测试、bug 修复。",,https://www.icee-edu.com/,,,,,,,,
,,管理与政策,实地,1-2个月,北京,企业邮箱推荐信+实习证明+就业背调,简历评估+面试（根据简历情况）,"11,000 ",每增加1月+2000,"北京 ICEE：管理与政策

1、研究 AI 教育在海内外政策、发展情况与难点
2、研究 AI 教育在我国专科院校活贫苦地区的师资、
设备、教学情况
3、基于调研结果，分析 AI 如何更好的助力教育的方
式、并为 AI 教育国内发展提供策略支持。",,,,,,,,,,
,,教研,实地,1-2个月,北京,企业邮箱推荐信+实习证明+就业背调,简历评估+面试（根据简历情况）,"11,000 ",每增加1月+2000,"北京 ICEE  教研

1、根据当下热度较高的议题，编辑专业文章
2、收集关于工程教育的社交媒体信息
3、编辑并发布相关文章，并监测文章数据，进行持续运营。",,,,,,,,,,
,,产品经理,实地,1-2个月,北京,企业邮箱推荐信+实习证明+就业背调,简历评估+面试（根据简历情况）,"11,000 ",每增加1月+2000,"北京 ICEE：产品经理

""1、了解产品功能，撰写产品需求文档。
2、根据产品需求文档设计产品原型。
3、根据产品需求文档，编写测试文档。""",,,,,,,,,,
,,软件开发,实地,1-2个月,北京,企业邮箱推荐信+实习证明+就业背调,简历评估+面试（根据简历情况）,"11,000 ",每增加1月+2000,"北京  ICEE：软件开发

【岗位职责】
教育科技产品开发：参与基地面向青少年及高校学生的未来科技教育平台、在线课程系统、数据应用创新竞赛平台等产品的设计、开发与迭代维护。
前后端功能实现：根据产品需求，完成模块的代码编写、调试与测试，确保系统稳定性与用户体验，涵盖Web前端交互功能或后端API接口开发。
项目制学习支持：配合基地"高层次人才职业进阶培养项目"中的技术实践需求，开发配套的实训工具、数据应用案例或教学演示系统。
数据库设计与维护：参与教育数据、用户数据及竞赛数据的数据库结构设计、查询优化及日常维护。
技术创新与探索：跟踪人工智能、大数据、数据可视化等前沿技术，探索其在工程教育场景中的应用可能，参与内部技术分享与创新项目。
【岗位要求】
教育背景：本科及以上学历，计算机科学与技术、软件工程、大数据、人工智能或相关专业。
专业技能：
熟练掌握至少一门主流编程语言（如Java、Python、JavaScript/TypeScript等），具备良好的编码习惯。
熟悉前端或后端开发框架（如Vue/React、Spring Boot/Django等）及常用工具链。
了解数据库原理，熟练使用SQL，掌握至少一种关系型或非关系型数据库。
对大数据、人工智能或数据可视化技术有基础认知或学习兴趣者优先。
项目经验：有课程设计、竞赛项目或实习中的实际开发经验，能清晰阐述自己在项目中的角色与贡献。
核心能力：
具备优秀的学习能力与逻辑思维，能快速掌握新技术并应用于实践。
良好的沟通能力和团队协作精神，能与产品、设计及教育研究人员高效配合。
对教育科技、未来工程教育有热情，认同基地推动可持续发展的使命。
",,,,,,,,,,
,,新媒体运营,实地,1-2个月,北京,企业邮箱推荐信+实习证明+就业背调,简历评估+面试（根据简历情况）,"11,000 ",每增加1月+2000,"北京  ICEE：新媒体运营

1、根据项目需要策划并制定多个国际化化微信、微博等
新媒体的运营策略，策划并执行推广活动；
2、制定目标任务，通过活动、社群、文章内容等手段完
成 KPI 考核，建设有效运营手段提升用户活跃度；
3、具有一定的数据分析能力，提取数据报表，分析推广
效果并优化；
4、参与公司整体品牌、产品的营销策划与市场推广。",,,,,,,,,,
,,内容运营,实地,1-2个月,北京,企业邮箱推荐信+实习证明+就业背调,简历评估+面试（根据简历情况）,"11,000 ",每增加1月+2000,"北京  ICEE：内容运营

1、按照基地要求上传视频、新闻等内容到新媒体平台，
确保内容及时更新，按周整理流量报告，监控基地某公
益项目的新媒体运营成果。
2、 配合市场部进行活动策划与投放，不断提升品牌曝
光度。
3、 负责日常运营及市场部的活动页面、海报设计，内
容配图、视频剪辑、H5 等各类页面设计。
4、 关注竞品及设计动向，参与产品研究，定期沉淀分
享，协助团队成长。",,,,,,,,,,
,,人工智能数据标注工程师,实地,1-2个月,北京,企业邮箱推荐信+实习证明+就业背调,简历评估+面试（根据简历情况）,"11,000 ",每增加1月+2000,"北京 ICEE：人工智能数据标注工程师

1、了解人工智能全产业链的发展与核心技术
2、参与数据标注实战、参与阿里、百度、字节等真实项目
3、理解数据标注规则，掌握并实操数据标注审核工作
4、数据标注项目管理工作。",,,,,,,,,,
,,教学教研产品设计,实地,1-2个月,北京,企业邮箱推荐信+实习证明+就业背调,简历评估+面试（根据简历情况）,"11,000 ",每增加1月+2000,"北京  ICEE：教学教研产品设计

1、根据基地产品策略及课程体系，开发相关课程；
2、通过了解竞品、市场分析、课程研发、不断优化和迭
代课程设计；
3、负责审核现有课程，追踪课程评价，不断提升课程质
量；
4、 组织、撰写、整理课程相资料，研发课程配套讲义和试题。",,,,,,,,,,
,,金融工程,实地,1-2个月,深圳,企业邮箱推荐信+实习证明+就业背调,简历评估+面试（根据简历情况）,"11,000 ",每增加1月+2000,,5月底开始到8月28日结束,,,,,,,,,
,,公共政策,实地,1-2个月,深圳,企业邮箱推荐信+实习证明+就业背调,简历评估+面试（根据简历情况）,"11,000 ",每增加1月+2000,"深圳  ICEE：公共政策（5月底开始）

【岗位职责】
教育科技政策研究：围绕青少年AI与工程教育、产教融合人才培养、青少年科技创新教育体系建设等核心议题，协助团队开展国内外政策研究、实证分析及案例挖掘工作；收集、整理和分析联合国教科文组织教育政策文献，跟踪国内外科技教育政策动态与行业典型模式，协助完成政策研究分析报告和行业对标分析。
产教融合政策评估与建议：参与基地与合作企业（如浪潮集团、寓科未来等）的产教融合人才公益合作项目启动及治理架构搭建，产教融合人才项目评审活动，针对项目落地合规与运行效率提供政策与执行建议；协助部门审阅产教类目与教育行业合规规范，参与编辑项目相关的政策简报、会议纪要等文书。
国际及区域项目合作支持：支持基地与东南亚、非洲等"一带一路"沿线和跨南南合作地区的高校、政府部门及企业伙伴的战略合作关系维护工作；全程参与基地合作的大型国际论坛或行业峰会的整体项目策划、会务联络、文献翻译及总结成果报告工作，提升基地在联合国框架下的公共影响力。
调查研究与成果撰写：根据基地在国际工程教育峰会及儿童青少年技术工程等外部平台调研的前沿动态、政策趋势等，支持团队将基地研究优势、课题实践和试点项目转化为面向政策决策层及高等教育机构需求的研究报告、专题报告或白皮书等可见成果。
完成交办任务：及时完成部门负责人安排的其他与公共政策相关的临时支持工作。
【岗位要求】
教育背景：本科或研究生在读，公共管理、国际关系、心理学、社会学、教育学、经济学、新闻传播、政治学或相关跨学科专业优先。",,,,,,,,,,
,,人工智能,实地,1-2个月,深圳,企业邮箱推荐信+实习证明+就业背调,简历评估+面试（根据简历情况）,"11,000 ",每增加1月+2000,,,,,,,,,,,
,,产品经理,实地,1-2个月,深圳,企业邮箱推荐信+实习证明+就业背调,简历评估+面试（根据简历情况）,"11,000 ",每增加1月+2000,,,,,,,,,,,
,,前端开发,实地,1-2个月,深圳,企业邮箱推荐信+实习证明+就业背调,简历评估+面试（根据简历情况）,"11,000 ",每增加1月+2000,,,,,,,,,,,
,中国服务贸易协会国际交流工作委员会,活动策划,实地,1-3个月,北京,企业邮箱推荐信+实习证明+就业背调,简历审核+面试,"9,000 ",在基础上+1000,"北京  中服贸  活动策划

1、负责外事活动、大型国际会议类活动策划文案的撰写、PPT制作，辅助撰写活动运营流程；
2、负责活动场地的规划、布置、搭建
3、基础设计制作；
4、英语专业优先；
","地址：北京市建国门外交公寓
1.  中服贸岗位亮点：
①直接参与大使馆文化活动，与大使面对面交流
②全面了解外事领域接待流程，一线学习国际贸易进出口政策
③可出席大使馆会议，承担接待官或主持工作
2. 导师亮点：
带教导师为中服贸管理层领导，或大使馆秘书",,,,,,,,,
,,新媒体运营,,,北京,企业邮箱推荐信+实习证明+就业背调,简历审核+面试,"9,000 ",在基础上+1000,"北京  中服贸  新媒体运营

1、负责国内国际文化交流活动现场的拍摄工作，并将照片、视频进行整理保存；
2、独立运营微信公众号、小红书等新媒体账号，负责账号的日常运营和维护工作，包括日常内容编辑、发布、维护、管理等，提高影响力和关注度；
3、熟悉当下热门话题，及时了解最近行业发展趋势，并关注标杆性账号， 探索国家、国际类组织平台运营模式。",,,,,,,,,,
,,市场策略分析,,,北京,企业邮箱推荐信+实习证明+就业背调,简历审核+面试,"9,000 ",在基础上+1000,"北京  中服贸  市场策略分析

1.负责协会合作的相关单位的项目的沟通和交流；
2.参与制订对外市场战略；
3.了解市场动态，具有市场敏锐性，进行潜在市场的研究与开发；
4. 领导安排的其他相关工作。",,,,,,,,,,
,,政策与管理,,,北京,企业邮箱推荐信+实习证明+就业背调,简历审核+面试,"9,000 ",在基础上+1000,"北京  中服贸  政策与管理

1．负责各国政策及项目的整理总结工作；
2．参与并负责团体及企业标准制定工作的实施；
3．完成协会业务范围内规划或咨询项目，并形成规划、咨询报告；
4．围绕文化艺术交流主要业务及相关企业出海等，开展长期调研及跟踪分析等；
5．完成领导交办的其相关工作。",,,,,,,,,,
,,翻译,,,北京,企业邮箱推荐信+实习证明+就业背调,简历审核+面试,"9,000 ",在基础上+1000,"北京  中服贸  翻译

1、负责按照导师的要求完成所分配的工作任务，包括：翻译、审校、质检等各种笔译。
2、认真完成参与的每一个项目任务，在保证质量的同时，需不断提高项目质量，持续提升自身翻译水平及技能。
3、认真切实完成协会安排的其他工作",,,,,,,,,,
,中国红十字基金会—耀阳公益基金,市场实习生,实地,1-3个月,北京,企业邮箱推荐信+实习证明+就业背调,简历审核+面试,"10,000 ",不变,"北京  中国红十字基金会—耀阳公益基金  市场实习生

1.负责协会合作的相关单位的项目的沟通和交流；
2.参与制订对外市场战略；
3.了解市场动态，具有市场敏锐性，进行潜在市场的研究与开发；
5. 领导安排的其他相关工作。",,,,,,,,,,
,,管理与政策（公益教育方向）,,,北京,企业邮箱推荐信+实习证明+就业背调,简历审核+面试,"10,000 ",不变,"北京  中国红十字基金会—耀阳公益基金  管理与政策（公益教育方向）

1、公益事业调研项目的设计、实施、数据分析及报告撰写;
2、研究项目实施，志愿者服务规划
3、外部(研究机构、专家学者)资源开拓与合作;
4、政策分析与行业分析;
5、公共政策、热点事件响应及评论文章撰写。",,,,,,,,,,
,中国宋庆龄基金会,市场实习生,实地,1-3个月,北京,企业邮箱推荐信+实习证明+就业背调,简历审核+面试,"10,000 ",不变,"北京  中国宋庆龄基金会  市场实习生

1.负责协会合作的相关单位的项目的沟通和交流；
2.参与制订对外市场战略；
3.了解市场动态，具有市场敏锐性，进行潜在市场的研究与开发；
4. 领导安排的其他相关工作。",,,,,,,,,,
,,政策与管理,,,北京,企业邮箱推荐信+实习证明+就业背调,简历审核+面试,"10,000 ",不变,"北京  中国宋庆龄基金会  政策与管理

1、调研项目的设计、实施、数据分析及报告撰写;
2、研究项目实施，志愿者服务规划
3、外部(研究机构、专家学者)资源开拓与合作;
4、政策分析与行业分析;
5、公共政策、热点事件响应及评论文章撰写。",,,,,,,,,,
,国际人工智能协会,外联实习生,实地,1-3个月,北京,企业邮箱推荐信+实习证明+就业背调,简历审核+面试,"10,000 ",不变,"北京  国际人工智能协会  外联实习生

1. 项目联络支持

协助维护与国内外高校、研究机构、商会、企业等合作方的沟通，推动AI培训、研修营、会议等项目对接落地。

协助撰写外联邮件、公文及合作方案初稿。

2. 资源关系维护

更新和维护协会的外联联系人数据库，协助安排会议、线上线下活动等。

参与部分外联洽谈会议，整理纪要，跟踪进展。

3. 品牌传播协助

协助策划、执行对外传播活动，如AI主题沙龙、国际交流项目、竞赛对接等。

收集外部合作单位新闻动态和潜在机会，提交定期简报。

4. 跨部门协调

与项目部、运营部、技术组协调，确保外联信息在团队内部顺畅传递。

协助完成上级交办的其他任务。

---

【任职要求】

本科或研究生在读，专业不限，新闻传播、国际关系、人工智能、语言类优先；

良好的中英文沟通与写作能力（能独立起草中英文信函）；

具备基本项目管理意识和多任务处理能力；

责任心强、做事细致，学习能力强；

熟练使用办公软件（Word、Excel、PPT）及在线协作工具（如Notion、Trello、Zoom）；

对AI技术与国际事务有兴趣者优先；

有海外学习/交流经历者优先。

---

【你将获得】

深度参与多个中外AI合作项目；

接触来自清华、北大、哥伦比亚大学、斯坦福、联合国机构等背景的专业资源；

获得协会理事会成员直接指导与推荐信机会；",,,,,,,,,,
,,政策与管理,,,北京,企业邮箱推荐信+实习证明+就业背调,简历审核+面试,"10,000 ",不变,"北京  国际人工智能协会  政策与管理

1、国际人工智能相关调研项目的设计、实施、数据分析及报告撰写;
2、研究项目实施，志愿者服务规划
3、外部(研究机构、专家学者)资源开拓与合作;
4、政策分析与行业分析;
5、公共政策、热点事件响应及评论文章撰写。",,,,,,,,,,
,上海长三角商创院,政策与管理,实地,1-3个月,上海,企业邮箱推荐信+实习证明+就业背调,简历审核+面试,"10,000 ",不变,"上海   上海长三角商创院  政策与管理

1.协助研究和分析与非营利组织运营相关的政策法规，协助整理撰写组织的文件，为管理层提供政策建议支持；
2.部分协助管理流程的优化工作，包括数据收集和分析，以提高项目效率和效果；
3.协助编制各类政策报告和内部指南，为组织的运营与项目执行提供支持；
4.从基本概况、发展逻辑、发展困难，未来发展等各方面了解议题，并进行资料分析。",,,,,,,,,,
,,论坛活动,,,上海,企业邮箱推荐信+实习证明+就业背调,简历审核+面试,"10,000 ",不变,"上海   上海长三角商创院  论坛活动

1. 协助研究院在大型论坛/活动项目策划、跟踪对接具体流程跟进；
2. 围绕大型论坛/活动项目，与商创院之间建立良好的机制建设；
3. 配合大型论坛/活动所需资源，梳理与重要合作伙伴的工作关系；
4. 积极收集和研究各大型论坛/活动的发展情况，就行业生态提供分析报告，支持大型论坛/活动筹备工作。
5. 做好重大论坛/活动在可持续传播的战略影响力；
6. 运用ai工具，协助项目的组织与执行工作；
7. 支持配合安排的其他相关工作。",,,,,,,,,,
,地球宪章,政策研究,实地,1-3个月,北京/上海,企业邮箱推荐信+实习证明+就业背调,简历审核+面试,"13,000 ",不变,"北京/上海  地球宪章  政策研究

协助跟踪国内外可持续发展、生态保护、社会治理等领域政策动态，整理政策简
报；
参与区域可持续发展案例调研，协助撰写研究报告或政策建议；
支持国际政策对话项目，如文献翻译、会议筹备与纪要整理。
具体方向如下：
方向 1：ESG 方向
方向 2：AI 与大模型方向
方向 3：传统文化与历史学方向
方向 4：产业研究方向
方向 5：低空经济方向
方向 6：数字经济方向
方向 7：艺术管理方向
方向 8：教育学方向
方向 9：理工科与地球宪章理念结合
方向 10：翻译方向
方向 11：社会学方向",系统编号,,,,,,,,,
,,市场方向,实地,,北京/上海,企业邮箱推荐信+实习证明+就业背调,简历审核+面试,"13,000 ",不变,"北京/上海  地球宪章  市场方向

市场传播
参与品牌内容创作，如微信公众号、官网文案撰写，短视频脚本策划；
协助策划线上线下传播活动（如公益宣传、科普展览），执行新媒体运营；
分析传播数据，优化内容策略，提升公众对可持续发展议题的认知。
任职要求
本科或研究生学历在读，专业与所选方向适配。
具备良好的沟通协调能力，能与多元文化背景团队协作。
熟练使用办公软件，有数据分析基础者优先。
英语流利，具备优秀的读写能力；掌握其他联合国工作语言者更佳。
你将获得
深度参与全球可持续发展议题的实践机会，接触国际组织与行业专家；
跨领域能力提升，涵盖政策分析、项目管理、公众传播等复合技能；
实习证明（表现优异者可获推荐信），优秀作品可纳入机构成果展示；
灵活的工作环境与国际化团队氛围，定期参与行业交流活动。",,,,,,,,,,
,,运营,实地,,北京/上海,企业邮箱推荐信+实习证明+就业背调,简历审核+面试,"13,000 ",不变,"北京/上海  地球宪章  运营

运营管理（商科大类方向）
协助项目全周期管理，包括活动策划（如研讨会、公众讲座）、流程跟进与效果评
估；
参与机构日常行政事务，如资料归档、预算协助、合作伙伴对接；
支持数据库建设，整理行业资源与合作网络信息。",,,,,,,,,,
,联合国工业发展组织 全球人工智能联盟卓越中心,全球协作,实地,1-2个月,上海,企业邮箱推荐信+实习证明+就业背调,简历审核+面试,"13,000 ",,"上海 联合国工业发展组织 全球人工智能联盟卓越中心：全球协作

与国际组织、全球顶尖高校建立和维护良好的合作关系，建立多边合作平台，构建政产学研多维交流生态。定期举办高端国际会议、研讨会、技术工作坊，邀请政府代表、行业领袖、科研院所、开发者等多方参与，围绕人工智能发展、产业应用与前沿趋势进行深度交流。
","联合国工业发展组织 全球人工智能联盟卓越中心

实地（上海）/远程 
不卡简历


01 全球协作

与国际组织、全球顶尖高校建立和维护良好的合作关系，建立多边合作平台，构建政产学研多维交流生态。定期举办高端国际会议、研讨会、技术工作坊，邀请政府代表、行业领袖、科研院所、开发者等多方参与，围绕人工智能发展、产业应用与前沿趋势进行深度交流。



02 战略研究

开展人工智能全球发展趋势、赋能新型工业化等重大课题研究，撰写白皮书、研究报告及政策建议；牵头或参与国际/国内人工智能技术标准、安全治理、评测规范等制定工作。


03 人才培训

负责与国际、国内重点高等院校建立合作专项、开展人才培训项目，推动人工智能能力建设普惠。


04 国际拓展

推动国际合作项目落地，构建中国AI企业出海服务通道，协助拓展海外市场。


05 技术研发

关注技术转化与落地，推动上海与国际高校、科研机构和企业开展跨国联合研发与应用落地。


06  智库研究助理（国际问题研究方向）

平台与机会
· 直接参与联合国工业发展组织（UNIDO）框架下的全球人工智能治理与产业政策研究；
· 近距离接触国际组织、各国政府及顶尖智库的政策制定过程，研究成果有机会转化为正式报告或国际会议背景文件；
· 获得系统的政策研究方法训练，优秀成果可署名或推荐至合作国际平台发布。
主要职责
1. 跟踪并编译主要国际组织（联合国、欧盟、OECD等）及重点国家在工业人工智能领域的最新政策、法规与战略动态；
2. 协助撰写政策简报、国别分析笔记、议题背景文件，支撑中心参与高级别国际会议；
3. 参与国际合作相关课题的数据收集、案例整理与文献综述，形成高质量分析基础；
4. 根据需要，为秘书长或高级官员准备发言草稿及问答参考。
任职要求
· 本科或硕士在读，国际关系、公共政策、经济学、新闻传播或相关专业，对人工智能与国际事务交叉领域有强烈兴趣；
· 英语能力突出：可流畅阅读《经济学人》、联合国正式文件、外媒深度报道，能够独立完成英文文献综述和中英互译；
· 逻辑清晰、写作严谨，有研究或写作经验者优先（如课程论文、校内课题、自媒体等）；
· 每周可投入一定时间（可协商），实习期不低于3个月。


07  国际交流与培训项目助理

平台与机会
· 深度参与联合国级国际会议、部长级圆桌会、跨国培训项目的策划与执行；
· 与UNIDO成员国代表、国际组织官员、全球行业专家直接沟通，建立国际化人脉网络；
· 获得大型多边活动从筹备到落地的全流程经验，表现优异者可获推荐参与后续国际项目。
主要职责
1. 协助联络国际参会嘉宾（政府、国际组织、高校、企业），处理邀请、注册、日程协调等事宜；
2. 支持培训班及研讨会的材料准备、课件翻译整理、线上会议平台管理及会后反馈统计；
3. 参与撰写中英文活动通知、新闻稿、总结报告等对外传播材料；
4. 维护国际合作伙伴信息库，协助对接能力建设项目的需求与资源匹配。
任职要求
· 本科或硕士在读，专业不限，国际发展、外语、教育学、管理学等优先；
· 英语能力突出：能够顺畅进行英文邮件和口头沟通，具备较好的写作和翻译能力（需要笔试样例）；
· 细致、责任心强，能适应阶段性高强度工作，有跨文化沟通敏感度；
· 有国际会议志愿服务、校级外事接待或模拟联合国等经历者优先。


08  商务合作与产业项目助理

平台与机会
· 站在国际产业合作前沿，参与全球人工智能赋能工业发展的项目对接与资源整合；
· 接触跨国企业、产业园区、投资机构等关键角色，积累真实的国际商务与项目落地经验；
· 在联合国平台上学习公私合作（PPP）、国际项目评估等实务技能，为未来进入国际发展或跨境商务领域奠定扎实基础。
主要职责
1. 收集、整理国内外企业、产业园区、行业协会的基本信息，维护潜在合作方数据库；
2. 协助准备项目对接所需的基础材料（合作意向函草案、企业需求摘要、项目简介等）；
3. 支持小型产业对接会、线上路演或企业座谈会的组织筹备、现场记录和后续跟进；
4. 跟踪公开的国际产业合作与技术交流动态，定期产出简易简报。
任职要求
· 本科或硕士在读，国际商务、国际贸易、工商管理、外语或相关专业；
· 英语能力突出：能够独立起草英文商务邮件、阅读国际企业年报或行业报告，口语可进行基础交流；
· 做事踏实主动，具备良好的信息整理能力和团队协作意识；
· 有外联、招商、学生社团商务对接或相关实习经验者优先。
",,,,,,,,,
,,战略研究,实地,1-2个月,上海,企业邮箱推荐信+实习证明+就业背调,简历审核+面试,"13,000 ",,"上海 联合国工业发展组织 全球人工智能联盟卓越中心：战略研究

开展人工智能全球发展趋势、赋能新型工业化等重大课题研究，撰写白皮书、研究报告及政策建议；牵头或参与国际/国内人工智能技术标准、安全治理、评测规范等制定工作。
",,,,,,,,,,
,,人才培训,实地,1-2个月,上海,企业邮箱推荐信+实习证明+就业背调,简历审核+面试,"13,000 ",,"上海 联合国工业发展组织 全球人工智能联盟卓越中心：人才培训

负责与国际、国内重点高等院校建立合作专项、开展人才培训项目，推动人工智能能力建设普惠。
",,,,,,,,,,
,,国际拓展,实地,1-2个月,上海,企业邮箱推荐信+实习证明+就业背调,简历审核+面试,"13,000 ",,"上海 联合国工业发展组织 全球人工智能联盟卓越中心：国际拓展

推动国际合作项目落地，构建中国AI企业出海服务通道，协助拓展海外市场。
",,,,,,,,,,
,,技术研发,实地,1-2个月,上海,企业邮箱推荐信+实习证明+就业背调,简历审核+面试,"13,000 ",,"上海 联合国工业发展组织 全球人工智能联盟卓越中心： 技术研发

关注技术转化与落地，推动上海与国际高校、科研机构和企业开展跨国联合研发与应用落地。
",,,,,,,,,,
,,智库研究助理（国际问题研究方向）,实地,1-2个月,上海,企业邮箱推荐信+实习证明+就业背调,简历审核+面试,"13,000 ",,"上海 联合国工业发展组织 全球人工智能联盟卓越中心：智库研究助理（国际问题研究方向）

平台与机会
· 直接参与联合国工业发展组织（UNIDO）框架下的全球人工智能治理与产业政策研究；
· 近距离接触国际组织、各国政府及顶尖智库的政策制定过程，研究成果有机会转化为正式报告或国际会议背景文件；
· 获得系统的政策研究方法训练，优秀成果可署名或推荐至合作国际平台发布。
主要职责
1. 跟踪并编译主要国际组织（联合国、欧盟、OECD等）及重点国家在工业人工智能领域的最新政策、法规与战略动态；
2. 协助撰写政策简报、国别分析笔记、议题背景文件，支撑中心参与高级别国际会议；
3. 参与国际合作相关课题的数据收集、案例整理与文献综述，形成高质量分析基础；
4. 根据需要，为秘书长或高级官员准备发言草稿及问答参考。
任职要求
· 本科或硕士在读，国际关系、公共政策、经济学、新闻传播或相关专业，对人工智能与国际事务交叉领域有强烈兴趣；
· 英语能力突出：可流畅阅读《经济学人》、联合国正式文件、外媒深度报道，能够独立完成英文文献综述和中英互译；
· 逻辑清晰、写作严谨，有研究或写作经验者优先（如课程论文、校内课题、自媒体等）；
· 每周可投入一定时间（可协商），实习期不低于3个月。
",,,,,,,,,,
,,国际交流与培训项目助理,实地,1-2个月,上海,企业邮箱推荐信+实习证明+就业背调,简历审核+面试,"13,000 ",,"上海 联合国工业发展组织 全球人工智能联盟卓越中心：国际交流与培训项目助理

平台与机会
· 深度参与联合国级国际会议、部长级圆桌会、跨国培训项目的策划与执行；
· 与UNIDO成员国代表、国际组织官员、全球行业专家直接沟通，建立国际化人脉网络；
· 获得大型多边活动从筹备到落地的全流程经验，表现优异者可获推荐参与后续国际项目。
主要职责
1. 协助联络国际参会嘉宾（政府、国际组织、高校、企业），处理邀请、注册、日程协调等事宜；
2. 支持培训班及研讨会的材料准备、课件翻译整理、线上会议平台管理及会后反馈统计；
3. 参与撰写中英文活动通知、新闻稿、总结报告等对外传播材料；
4. 维护国际合作伙伴信息库，协助对接能力建设项目的需求与资源匹配。
任职要求
· 本科或硕士在读，专业不限，国际发展、外语、教育学、管理学等优先；
· 英语能力突出：能够顺畅进行英文邮件和口头沟通，具备较好的写作和翻译能力（需要笔试样例）；
· 细致、责任心强，能适应阶段性高强度工作，有跨文化沟通敏感度；
· 有国际会议志愿服务、校级外事接待或模拟联合国等经历者优先。
",,,,,,,,,,
,,商务合作与产业项目助理,实地,1-2个月,上海,企业邮箱推荐信+实习证明+就业背调,简历审核+面试,"13,000 ",,"上海 联合国工业发展组织 全球人工智能联盟卓越中心：商务合作与产业项目助理

平台与机会
· 站在国际产业合作前沿，参与全球人工智能赋能工业发展的项目对接与资源整合；
· 接触跨国企业、产业园区、投资机构等关键角色，积累真实的国际商务与项目落地经验；
· 在联合国平台上学习公私合作（PPP）、国际项目评估等实务技能，为未来进入国际发展或跨境商务领域奠定扎实基础。
主要职责
1. 收集、整理国内外企业、产业园区、行业协会的基本信息，维护潜在合作方数据库；
2. 协助准备项目对接所需的基础材料（合作意向函草案、企业需求摘要、项目简介等）；
3. 支持小型产业对接会、线上路演或企业座谈会的组织筹备、现场记录和后续跟进；
4. 跟踪公开的国际产业合作与技术交流动态，定期产出简易简报。
任职要求
· 本科或硕士在读，国际商务、国际贸易、工商管理、外语或相关专业；
· 英语能力突出：能够独立起草英文商务邮件、阅读国际企业年报或行业报告，口语可进行基础交流；
· 做事踏实主动，具备良好的信息整理能力和团队协作意识；
· 有外联、招商、学生社团商务对接或相关实习经验者优先。
",,,,,,,,,,
咨询,外企德科,管理咨询,实地,1-2个月,上海/杭州/西安/深圳,企业邮箱推荐信+实习证明+就业背调,简历评估+面试（根据简历情况）,"8,000 ",在基础上+1000,"上海、杭州、西安、深圳   外企德科  管理咨询

1、辅助项目经理与客户沟通公司业务情况，收集企业人力与业务数据并进行分析；
2、根据访谈和调研情况梳理客户业务现状，产出研究报告；
3、辅助项目经理编制相关的培训教材、用户使用手册、业务测试案例，对用户进行相关的培训工作，指导客户完成相关业务场景的测试验证工作；
4、负责协助用户完成系统上线工作以及支持工作；
5、其他项目需要的相关支持工作。",暂时杭州木有需求哦,（公户发薪）,,,,,,,,
,,财务咨询,实地,3个月,上海/成都 ,企业邮箱推荐信+实习证明+就业背调,简历评估+面试（根据简历情况）,"8,000 ",在基础上+1000,"上海   外企德科  财务咨询

学习收集并分析公司的财务数据，制作相关报告，建立并优化财务模型和数据分析方法，管理各种财务文档，挖掘财务信息中的商业价值，为管理层制定策略提供支持。
2、在财务导师的指导下参与财务监督职能，管理业务风险包括合同风险、税务风险、流程风险等。
3、在财务导师的指导下参与各项目和业务部门的商务谈判，提出合理建议，降低风险。
4、在财务导师的指导下学习预算指标执行，撰写预算经费执行情况报告及专项分析报告。
5、在财务导师指导下不断学习新知识，定期向直属上级汇报工作进展，接受反馈并调整工作计划。
其他 ：学习包括但不限于开票、财务风险审核，系统对接、付款安排，内外部审计、资产盘点、跨部门协调等",,有协议 人事系统 钉钉,,,,,,,,
,,人力方向,实地,1-2个月,上海/成都,企业邮箱推荐信+实习证明+就业背调,简历评估+面试（根据简历情况）,"8,000 ",在基础上+1000,"上海、成都、深圳   外企德科  人力方向

【岗位职责】
1、招聘岗位信息发布，简历筛选，沟通安排⾯试；
2、⾯试跟进，谈offer、⼊职审批、跟进⼊职等事项；
3、维护招聘平台账号，更新并提升公司形象；
4、能够及时响应和解决员⼯的招聘问题和建议；
5、领导交办的其他⼯作。
【岗位要求】
1、具备基本的招聘知识，熟悉常⻅的招聘渠道和⽅式，热爱招聘；
2、能够熟练使⽤Microsoft Office、⽹络编辑器等办公软件；
3、沟通能⼒和团队协作能⼒优秀，具备⼀定的学习能⼒和适应能⼒；
4、主动、积极、负责，有服务意识和耐⼼，能够承担较强的⼯作压⼒；
9、有⼈⼒相关经验优先。",,,,,,,,,,
,,商业分析/市场咨询,实地,1-2个月,深圳/上海/成都,企业邮箱推荐信+实习证明+就业背调,简历评估+面试（根据简历情况）,"8,000 ",在基础上+1000,"深圳、上海、成都   外企德科  商业分析/市场咨询

1、协助咨询团队完成项目研究、数据收集和分析工作；
2、参与项目报告的撰写和编辑，确保报告的质量和准确性；
3、协助咨询顾问与客户进行沟通和协调，确保项目的顺利进行；
4、参与项目会议和培训活动，提升自己的专业能力和团队协作能力。",商务类,,,,,,,,,
,,数据分析-业务型,实地,1-2个月,上海/深圳,企业邮箱推荐信+实习证明+就业背调,简历评估+面试（根据简历情况）,"8,000 ",在基础上+1000,"上海、深圳   外企德科  数据分析-业务型

1、负责人力资源数据的收集、处理和分析工作，为公司提供准确、可靠的数据支持。
2、运用数据分析方法，对人力资源数据进行分析和挖掘，为公司提供有价值的数据洞察和预测。
3、协助团队成员将数据分析结果以图表、报告等形式呈现，以帮助相关人员更好地理解分析结果。
4、协助团队成员完成其他与数据相关的工作，如数据挖掘、数据标注等。",,,,,,,,,,
,,财务方向,实地,1-3个月,成都,企业邮箱推荐信+实习证明+就业背调,简历评估+面试（根据简历情况）,"8,000 ",在基础上+1000,"成都   外企德科  财务方向

学习收集并分析公司的财务数据，制作相关报告，建立并优化财务模型和数据分析方法，管理各种财务文档，挖掘财务信息中的商业价值，为管理层制定策略提供支持。
2、在财务导师的指导下参与财务监督职能，管理业务风险包括合同风险、税务风险、流程风险等。
3、在财务导师的指导下参与各项目和业务部门的商务谈判，提出合理建议，降低风险。
4、在财务导师的指导下学习预算指标执行，撰写预算经费执行情况报告及专项分析报告。
5、在财务导师指导下不断学习新知识，定期向直属上级汇报工作进展，接受反馈并调整工作计划。
其他 ：学习包括但不限于开票、财务风险审核，系统对接、付款安排，内外部审计、资产盘点、跨部门协调等",,,,,,,,,,
,,品牌方向,实地,1-2个月,上海,企业邮箱推荐信+实习证明+就业背调,简历评估+面试（根据简历情况）,"8,000 ",在基础上+1000,"上海   外企德科  品牌方向

1、Branding：参与公司品牌文化建设、品牌活动执行等活动，对活动进行策划、宣传和项目落地跟进。
2、文案撰写：参与公司内部外部推文撰写，排版设计。
3、了解公司日常的运营模式，负责公司PPT制作、合同盖章管理等工作",,,,,,,,,,
,,招聘猎头实习生,实地,1-2个月,上海/深圳/西安/成都,企业邮箱推荐信+实习证明+就业背调,简历评估+面试（根据简历情况）,"8,000 ",在基础上+1000,"上海/深圳/西安/成都    外企德科：招聘猎头实习生

""1、和客户公司部门负责人对接岗位需求；
2、利用招聘渠道发布招聘信息，搜索合适的简历；
3、与候选人进行初步电话沟通；
4、制作简历报告，推送给客户；
5、与客户和候选人协调面试时间，安排面试。""",本部招聘，交付岗位有内部的岗位也有客户的岗位
",,,,,,,,,
,,市场方向（公户发薪）,实地,1-2个月,上海,企业邮箱推荐信+实习证明+就业背调,简历评估+面试（根据简历情况）,"8,000 ",在基础上+1000,,,,,,,,,,,
,, 市场营销,实地,1-2个月,上海/深圳/成都,企业邮箱推荐信+实习证明+就业背调,简历评估+面试（根据简历情况）,"8,000 ",在基础上+1000,"上海/深圳/成都  外企德科 市场营销

1、协助咨询/项目团队完成项目研究、数据收集和分析工作;
2、参与项目报告的撰写和编辑，确保报告的质量和准确性;
3、协助咨询顾问与客户进行沟通和协调，确保项目的顺利进行;
4、参与项目会议和培训活动，提升自己的专业能力和团队协作能力。
",,,,,,,,,,
,,新媒体运营实习生,实地,1-2个月,成都,企业邮箱推荐信+实习证明+就业背调,简历评估+面试（根据简历情况）,"8,000 ",在基础上+1000,"成都   外企德科：新媒体运营实习生

岗位内容
1. 统招本科或硕士在读，专业不限，人力资源专业优先；
2. 熟练运用办公软件，有相关实习经历优先；
3. 做事认真，结果导向，逻辑、沟通、协作能力强，可以适应快节奏工作。
适合专业  市场、新闻、传播相关专业",,,,,,,,,,
,,销售支持实习生,实地,1-2个月,成都/上海/深圳,企业邮箱推荐信+实习证明+就业背调,简历评估+面试（根据简历情况）,"8,000 ",在基础上+1000,"成都、上海、深圳   外企德科：销售支持实习生

1.协助销售人员拟定服务方案与合同，并在确认合作后按照企业要求执行合同管理系统；
2.协助投标专员，做好招标文案梳理与外勤招标工作；
3.负责团队会议组织与会议纪要拟定；
4.协助领导梳理客户名录，信息整理与分类；
5.领导安排的其他事项。",,,,,,,,,,
,,法务实习生,实地,1-2个月,上海/深圳,企业邮箱推荐信+实习证明+就业背调,简历评估+面试（根据简历情况）,"8,000 ",在基础上+1000,"上海/深圳    外企德科：法务实习生

1、协助日常法律文件的起草和审查工作；
2、完成文件归档等案卷管理工作，及其他流程性工作等；
3、处理领导交办的其他工作。""",,,,,,,,,,
,,财税实习生,实地,1-2个月,深圳/成都 ,企业邮箱推荐信+实习证明+就业背调,简历评估+面试（根据简历情况）,"8,000 ",在基础上+1000,"外企德科  深圳  财税实习生 
协助薪税计算与申报：参与月度薪税计算、个税申报和薪资发放流程，确保数据准确无误。
平台维护与员工服务：协助维护薪酬管理平台，更新知识库，处理员工问询，支持员工自助服务。
员工薪税管理：协助处理员工薪酬架构设计、个税缴纳、外币薪资发放及汇算清缴工作。
文件整理与财务支持：整理和归档薪税相关文件，协助财务软件操作，支持财务和税务的基础工作。",,,,,,,,,,
,和君,管理咨询,实地,1-3个月,上海、北京,企业邮箱推荐信+实习证明+就业背调,简历评估+面试（根据简历情况）,"8,000 ",不变,"上海、北京   和君  管理咨询

岗位职责:
1.项目前期，参与洽谈会议，整理会议纪要，撰写项目建议书，筹备标书，拟定合同定等工作。
2.项目中期，参与不限于战略规划、管理咨询、投行咨询等项目的专题研究，重点任务为项目相关内
外部宏观、行业、企业资料的搜集、整理、分析工作，并形成专题研究报告。
3.参与知识共享和培训汇报会议，依据培训内容撰写学习心得。
岗位要求
1.本科或研究生在读
2.熟练使用office办公软件
3.工作细心、责任心强、有学习意愿，具备时间管理意识和团队协作意识
4.周工作时间稳定，总实习周期长的同学优先
我们的优势:
1.系统的入职培训
2.足够丰富的学习资料3，易于交流的团队成员
4.开放多元的办公场所
5.交通便利、环境优雅、设施齐全的工作环境""",,,,,,,,,,
,沙利文（需简历审核）,TMT咨询/商业分析,实地,2～3个月,上海,企业邮箱推荐信+实习证明+就业背调,简历评估+面试（根据简历情况）,"12,000 ",不变,"沙利文-TMT咨询/商业分析实习生
📍 工作地点：上海市徐汇区云锦路（可远程）
🕒 时间：每周至少 4天工作时长
💰 薪资：无薪
✏️ 实习内容
协助项目组收集最新行业信息，进行整理分析，形成假设或观点；
参与市场调研、专家访谈记录与翻译，验证核心假设；
协助报告撰写与 PPT 内容调整、版式优化；
搭建市场规模测算 / 销售预测 / 估值模型等基础数据库。
🎯 我们希望你
商科 / 金融 / 经济 等专业优先；
英文读写良好，会使用 Excel、PPT；
对投行、咨询、IPO、产业研究感兴趣；
有相关实习经验者优先考虑",需要简历审核+一轮面试哦,,,,,,,,,
,,管理咨询,实地,2～3个月,上海,企业邮箱推荐信+实习证明+就业背调,简历评估+面试（根据简历情况）,"12,000 ",不变,,科技类咨询公司,,,,,,,,,
,,TMT咨询/商业分析,实地,2～3个月,香港,企业邮箱推荐信+实习证明+就业背调,简历评估+面试（根据简历情况）,"17,000 ",不变,,,,,,,,,,,
,,管理咨询,实地,2～3个月,香港,企业邮箱推荐信+实习证明+就业背调,简历评估+面试（根据简历情况）,"17,000 ",不变,,,,,,,,,,,
,德勤（非人事）,管理咨询,实地,1-3个月,上海/南京/杭州/深圳,企业邮箱推荐信+实习证明+就业背调,简历评估+面试（根据简历情况）,"13,000 ",在基础上+1000,"德勤：管理咨询岗实习生-上海/南京/杭州/深圳

【岗位职责】
1. 协助项目开展行业对标、企业业务调研、痛点诊断、经营数据分析，输出业务洞察与分析结论
2. 整理客户访谈纪要、业务流程梳理、需求拆解，协助撰写咨询方案、项目交付文档
3. 负责数据清洗、表格建模、图表可视化、经营报表制作，熟练Excel高阶函数与数据处理
4. 配合团队制作客户汇报PPT、行业研究报告、案例梳理、竞品对标分析材料
5. 参与项目研讨会、方案研讨，跟进方案落地、流程优化、数字化转型相关辅助工作
6. 完成项目经理交办的资料搜集、文档归档、跨团队协作等其他咨询项目支持工作",四大-无要求-数字化咨询,可以实习1-3个月 一周5天,"能投本家的项目组备案，是去真实的项目上，不是那种自习室
","📋【德勤管理咨询】
base 上海/南京/杭州/深圳
✅ 人事备案材料齐全，参与真实落地项目
✅官邮offer，盖章证明，推荐信齐全",支持本家 就是项目组领导直接用人，严格走人事那种就得网申带薪了,,,,,
,凯度（需简历审核）,市场分析,实地,3个月,上海,企业邮箱推荐信+实习证明+就业背调,简历评估+面试（根据简历情况）,"11,000 ",不变,"上海   凯度  市场分析

岗位职责：
1、协助国内和海外项目的定性定量工作，包括但不限于二手资料收集和整理、数据统计、中英互译
2、参与消费电子或家电项目的用户甄别问卷设计、访谈大纲设计、用户访谈执行和记录工作，整理用户反馈，以及分析关键性结论，给出落地性的建议
3、协助撰写研究的报告，有较强的逻辑思维能力、对PPT信息呈现、美化和排版、数据可视化有了解


岗位要求：
1、大四毕业生/全日制在校研究生，每周能稳定实习4-5天
2、学习能力强，有较强的团队合作意识，有耐心和责任心
3、了解市场调研和用户研究的基本流程，掌握基础的定量定性方法论
4、良好的沟通能力、分析总结提炼能力、熟练使用PPT、EXCEL等工作文档，能协助研究员撰写报告
5、英文水平较好，能听说读写的优先",带薪100～200,,,,,,,,,
,,商业分析,实地,3个月,广州,企业邮箱推荐信+实习证明+就业背调,简历评估+面试（根据简历情况）,"11,000 ",不变,,,,,,,,,,,
,,管理咨询（公户发薪-需到时确认hc）,实地,3个月,广州,企业邮箱推荐信+实习证明+就业背调,简历评估+面试（根据简历情况）,"11,000 ",不变,"广州  凯度：管理咨询

【岗位职责】
案头研究与信息收集：负责项目前期的desk research及各类案头工作，收集整理行业趋势、竞品动态及消费者行为等相关资料。
数据整理与分析：在指导下协助团队进行数据的处理和分析，对现有资料进行整理归纳，从调研结果中筛选数据，提供初步数据分析结论。
项目执行与沟通：协助项目日常开展工作访谈，撰写访谈纪要，跟进项目执行细节，与内部团队及第三方进行沟通协调。
报告撰写：配合leader完成市场研究项目的报告框架设计，整理材料报告，学习并协助撰写调研报告。
协助方案设计：协助项目经理完成项目业务方案设计、分析总结等工作。
完成交办任务：及时完成项目经理交办的其他研究支持工作。
【岗位要求】
教育背景：本科及以上学历在读，统计学、数学类、社会学、心理学、市场营销、经济学、管理学等相关专业优先。
专业技能：
熟练使用MS Office办公软件，特别是PPT与Excel（如对Excel公式有了解，熟练运用PPT中的chart工具）。
具备良好的英语书面表达能力。
对市场和市场研究有基础的了解和认识，了解定量/定性研究方法者优先。",,,,,,,,,,
,戴德梁行,商业分析,实地,1-3个月,上海,企业邮箱推荐信+实习证明+就业背调,简历评估+面试（根据简历情况）,"12,000 ",每增加1月+1000,"上海  戴德梁行：商业分析

1.数据收集和分析:负责收集和整理商业领域相关数据，进行数据分析和解读，为商业项目提供数据支持和洞察。
2.市场调研和竞争分析:协助进行市场调研和竞争分析，了解行业动态和竞争格局，为商业决策提供参考依据。
3.商业项目支持:协助商业分析团队进行商业项目的规划和执行，提供项目数据支持和分析报告，参与商业策略的制定和实施。
4.报告撰写和呈现:撰写商业分析报告和汇报材料，准备商业数据展示和呈现，向团队和领导汇报项目进展和成果。
5.与团队合作:与商业分析团队成员密切合作，协助完成团队项目任务，参与团队讨论和决策,共同推动项目的进展和成功。
6.其他相关工作:根据公司需要,完成领导交办的其他商业分析工作。",带薪100/天,地产咨询公司,地产五大行,,,,,,,
,,市场分析,实地,1-3个月,上海,企业邮箱推荐信+实习证明+就业背调,简历评估+面试（根据简历情况）,"12,000 ",每增加1月+1000,"上海  戴德梁行：市场分析

1.数据收集和分析:负责收集和整理商业领域相关数据，进行数据分析和解读，为商业项目提供数据支持和洞察。
2.市场调研和竞争分析:协助进行市场调研和竞争分析，了解行业动态和竞争格局，为商业决策提供参考依据。
3.商业项目支持:协助商业分析团队进行商业项目的规划和执行，提供项目数据支持和分析报告，参与商业策略的制定和实施。
4.报告撰写和呈现:撰写商业分析报告和汇报材料，准备商业数据展示和呈现，向团队和领导汇报项目进展和成果。
5.与团队合作:与商业分析团队成员密切合作，协助完成团队项目任务，参与团队讨论和决策,共同推动项目的进展和成功。
6.其他相关工作:根据公司需要,完成领导交办的其他商业分析工作。",,一本学校就行，充足的，最好大二及以上同学,,,,,,,,
,益普索（需简历审核）,管理咨询,实地,1-2个月,广州,企业邮箱推荐信+实习证明,简历评估+面试（根据简历情况）,"10,000 ",在基础上+1000,"广州   益普索  管理咨询

1.开展客户需求分析/诊断业务流程和管理问题,提出改进方案和建议.
2.协助客户实施管理变革，包括但不限于组织结构优化、流程再造、绩效提升等。
3.进行市场调研和竞争分析，为客户提供战略规划和决策支持/提高客户企业的运营效率和效益。
4.跟进项目进展，确保咨询方案的有效执行/结果进行评估和反馈。",,,,,,,,,,
,,商业分析实习生,实地,2-6个月,广州,企业邮箱推荐信+实习证明,简历评估+面试（根据简历情况）,"10,000 ",不变,"广州  益普索：商业分析实习生

收集业务数据和行业大盘情况，分析业务数据，并进行行业趋势识别，发现问题，寻找行业前进的机会，为决策提供数据支持
1。参与需求调研，明确业务需求，制定分析方案。
2。构建和优化业务模型/进行数据驱动的决策分析，提出改进建议。
3。编写分析报告，清晰传达分析结果和推荐行动方案给管理层和项目团队
4。协助查看项目实施效果/评估业务分析活动的成效，不断优化分析流程和方法。",带薪一天120～160,,,,,,,,,
,​革元,战略咨询,实地,1个月及以上,上海,企业邮箱推荐信+实习证明,简历评估+面试（根据简历情况）,"12,000 ",不变,"​上海 革元：战略咨询实习生

一、岗位职责
1. 市场研究：开展宏观政策解读、行业趋势分析、市场规模及竞争格局研究，收集整理各类行业报告、数据资料，为项目提供基础信息支持 。
2. 数据分析与整理：对市场数据、企业数据等进行处理和分析。通过案头研究等方式，收集与项目相关的信息，为项目方案的制定提供一手资料。
3. 项目辅助工作：参与咨询项目的全流程，协助进行项目文档的撰写、排版和校对。
二、职责要求
1. 技能要求：熟练使用Office办公软件，尤其是Excel和PowerPoint 。
2. 能力素质：具备较强的学习能力和自我驱动力，能够快速掌握新知识和技能；拥有良好的逻辑思维能力、分析问题和解决问题的能力。
三、实习时间与地点
1. 实习时间：每周保证实习3天以上，实习期不低于1个月。
",革元战略咨询 是前BCG合伙人带队的项目。可批量预约暑期。有入职礼包，结束可能有个千元左右奖金,,,,,,,,,
,皮埃森特（TPG）咨询,IR投资者关系实习生,实地,2个月及以上,北京,企业邮箱推荐信+实习证明,简历评估+面试（根据简历情况）,"10,000 ",不变,"北京 皮埃森特咨询 ：投资者关系实习生
简历审核+一轮面试

皮埃森特咨询(简称：TPGIR)提供全方位的国际投资者关系(Investor Relations)顾问服务，客户包括在美国及香港上市的中国企业(例如：网易，B站，快手，小米，腾讯音乐，虎牙直播，汽车之家，小鹏汽车，理想汽车，万国数据等各行业的领先企业).
TPG为客户提供战略咨询，协助上市公司客户与潜在投资者和分析建立联系；通过为客户量身定制投资者关系方案帮助客户实现投资者关系目标，得以促进华尔街对客户价值的合理评估。

企业类型：外商投资企业(美资)
职位名称：投资者关系实习生
工作地点：北京市朝阳区京广中心写字楼
工作内容：
1.财经资讯，公司及行业研究等信息的收集，整理，报告制作等，
2.使用金融数据库(含彭博终端)查询及整理资本市场相关数据，资料。
3.协助投资者关系顾问维护管理机构投资者数据库。
4.协助投资者关系相关中英文文件的翻译(笔译).
5协助投资者关系顾问开展一定的资本市场沟通工作

具体岗位要求：
1.金融类，经济类，传媒类专业优先。一本大三及以上，985/211更好
2.英文听，说，写能力熟练，英语六级，托福、雅思成绩优异者优先。
3.能阅读英文类财经媒体文章，对股票投资感兴趣并有一定了解。",带薪100～200/天,简历审核+一轮面试；正规人事，要求一本大三金融专业学生,,,,,,,,
,福莱希乐国际咨询,新媒体运营实习生,实地,3个月及以上,上海,企业邮箱推荐信+实习证明,简历评估+面试（根据简历情况）,"12,000 ",不变,"上海  福莱希乐国际咨询：新媒体运营实习生

职位描述：
【岗位职责】
负责公司新媒体平台（微信公众号等）的内容排版、发布及日常维护；
协助完成内容发布后的数据整理与分析，定期生成传播效果报告；
参与部分线上传播活动的策划与执行支持；
完成其他与新媒体运营、数据整理相关的辅助性工作。
【任职要求】
具有传播、新闻、市场营销、新媒体或相关领域的专业背景或实习经验；
具备良好的审美和文案基础，熟悉微信公众号排版规则及操作流程；
数据敏感度高，能熟练使用Excel等工具进行数据整理与初步分析；
英语能力良好，可阅读并处理相关英文资料；
每周可保证实习3-4天，实习期不少于3个月，能尽快到岗者优先。",上海福莱希乐总部,,,,,,,,,
人力资源,科锐国际（需简历审核）,人力实习生,实地,2～3个月,西安,企业邮箱推荐信+实习证明,简历评估+面试（根据简历情况）,"10,000 ",不变,"科锐国际-人力实习生 西安 2～3个月
1.根据协助目标客户职位信息分析，研究客户需求，主要负责风电行业服务工程师岗位交付；
2.利用有效工具，有计划地进行寻访，筛选候选；
3.准确传达客户企业招聘需求，为候选人做面试，评估，通过有效的匹配工作来确定合适的候选人；
4.制作推荐报告，全流程跟进人员直至入职，完成闭环招聘动作；
5.沟通协调候选人与公司之间的面试安排，跟进面试进展并及时反馈；进行人选的薪资协调及谈判工作；
6.根据客户要求做人选背景调查，并协调跟踪人选到岗。",带薪100元/天,1～2hc,,,,,,,,
金融,铸锋资管,量化实习生,实地,1-3个月,北京,企业邮箱推荐信+实习证明+就业背调,简历评估+面试（根据简历情况）,"9,000 ",不变,"北京 铸锋资管  量化实习生

1、协助基金经理、研究员完善现有中低频因子库、完善多因子组合、行业轮动框架；
2、协助研究员开发中高频CTA策略，修改算法自动挖掘因子框架，优化因子组合（因子择时）
3、改进现有策略运算速度
4、其他交代事项

岗位要求：
1、会最起码一门计算机编程语言；Python优先
2、金融、计算机等相关专业优先
3、每周可实习3天以上者优先",都可预约,接香港籍,,,,,,,,
,,行研实习生,实地,1-3个月,北京,企业邮箱推荐信+实习证明+就业背调,简历评估+面试（根据简历情况）,"9,000 ",不变,"北京 铸锋资管  行研实习生

1、协助基金经理寻找不同行业的关键有效财务指标，并进行定量化分析
2、协助研究员处理一些财务指标的搭建
3、新股所属的行业展望，市场容量以及公司研究分析
4、其他交代事项

岗位要求：
1、金融、会计、经济等相关专业优先
2、每周可实习3天以上者优先",买方,,,,,,,,,
,,投资分析,实地,1-3个月,北京,企业邮箱推荐信+实习证明+就业背调,简历评估+面试（根据简历情况）,"9,000 ",不变,"北京 铸锋资管：投资分析

【岗位职责】
投资策略研究与数据分析：协助投资团队进行市场数据的收集、清洗与初步分析，涉及股票、债券、期货、期权等多类资产，支持投资策略的研究与验证工作。
模型因子挖掘与回测：协助研究、挖掘和加工模型因子，运用统计分析工具进行因子有效性检验，生成回测报告与策略表现分析。
行业研究与投资决策支持：配合进行行业分析研究，跟踪特定赛道的市场动态和政策变化，对重点行业进行深入挖掘和分析，为投资决策提供基础研究支持。
投资方案撰写：参与投资决策方案的撰写和审核等相关工作，协助完成项目可行性分析报告与投资建议材料。
投后跟踪与合规管理：协助跟踪已投策略及产品的表现，配合完成日常监控分析，参与投资项目的投后管理及合规性维护工作。
完成交办任务：及时完成团队负责人安排的其他投资研究及日常支持工作。
【岗位要求】
教育背景：国内外知名院校本科及以上学历（硕士优先），金融工程、数学、统计学、物理学、计算机科学、金融学、经济学等相关专业优先。",,,,,,,,,,
,辉隆投资,量化实习生,实地,1-2个月,北京,企业邮箱推荐信+实习证明+就业背调,简历评估+面试（根据简历情况）,"9,000 ",不变,"北京 辉隆投资  量化实习生

1.使用量化数据分析工具（Python或R语言或SQL或Excel等导师建议工具）进行数据处理与分析，协助完成数据的图表化展示和初步分析。
2.协助导师从公开数据源收集金融市场的基础数据，包括但不限于股票、期货、基金等，探索各影响因素间的关系。
3协助导师整理量化研究相关文档，归档研究资料和交易记录，收集并整理量化投资相关的市场动态及行业资讯。",可以带行研内容,,,,,,,,,
,,投研实习生,实地,1-2个月,北京,企业邮箱推荐信+实习证明+就业背调,简历评估+面试（根据简历情况）,"9,000 ",不变,"北京 辉隆投资：投研实习生

【岗位职责】
行业与公司研究：协助研究员对重点行业（如消费、科技、新能源、医药等）进行持续跟踪，收集整理行业数据、政策动态及竞品信息，参与撰写行业研究报告。
数据分析与处理：协助完成上市公司财务数据的整理、分析及建模工作，参与搭建和维护相关数据库。
报告撰写支持：参与撰写公司深度研究报告、专题研究报告及投资建议书，协助完成研究资料的整理与归纳。
会议纪要整理：参与上市公司调研、专家访谈及内部投研会议，完成会议纪要的整理与核心观点提炼。
日常研究支持：完成研究员交办的其他基础研究工作，如数据更新、资料检索、日报/周报撰写等。
【岗位要求】
教育背景：硕士或博士在读（优秀本科生亦可），金融、经济、会计、理工科复合背景优先。
核心能力：
具备扎实的财务基础知识，能读懂上市公司财务报表；
熟练使用Excel进行数据处理，掌握Wind等数据终端者优先；
具备良好的逻辑思维能力和文字表达能力。",卖方/实业,,,,,,,,,
,拼图资本,投资研究实习生,实地,1-3个月,北京,企业邮箱推荐信+实习证明+就业背调,简历评估+面试（根据简历情况）,"10,000 ",在基础上+1000,"北京  拼图资本  投资研究实习生

工作内容
1.协助上级进行行业及上市公司进行动态研究，进行资料、信息收集等辅助性工作;
2.对所负责的细分领域进行独立深入研究，撰写研究报告;
3.参与寻找行业内潜在投资、并购机会，提出相应的投资建议;
4.完成主管交给的其他工作。",一级投资,,,,,,,,,
,国投证券（需简历审核）,投行实习生,实地,1-2个月,深圳,企业邮箱推荐信+实习证明+就业背调,简历评估+面试（根据简历情况）,"11,000 ",在基础上+1000,"北京、上海、深圳   国投  投行实习生

岗位职责：协助负责投行IPO再融资项目相关的事务支持工作，具体如下： 
（1）协助完成投行项目的尽职调查相关工作； 
（2）负责投行项目相关材料的收集和整理； 
（3）协助完成投行项目中相关的沟通、协调工作；
（4）负责投行项目工作情况的记录。",要211级以上的,北京、上海无hc,本部,,,,,,,
,东北证券,投行实习生,实地,1-3个月,北京,企业邮箱推荐信+实习证明+就业背调,简历评估+面试（根据简历情况）,"10,000 ",不变,"北京 东北证券  投行实习生

1.协助导师进行项目执行，参与投行项目的研究、尽职调查、方案设计等工作，包括但不限于IPO、再融资、并购重组/债券发行等业务；收集、整理与分析相关行业数据及财务数据/债券发行人信息及市场数据，支持完成初步分析并完成项目报告初稿。

2.协助导师进行方案撰写与资料准备，部分协助撰写招股说明书、可行性研究报告、申报材料/发行说明书等相关文件；整理归档项目资料，确保文件的完整性、准确性和及时性。

3.协助导师进行市场研究与行业分析，对相关行业进行研究，形成行业分析报告；跟踪市场动态，分析政策法规变化对项目的潜在影响/整理债券市场动态、政策变化及市场热点，撰写基础市场简报。",人事备案盖章,本部实习,,,,,,,,
,,行研实习生,实地,1-3个月,北京,企业邮箱推荐信+实习证明+就业背调,简历评估+面试（根据简历情况）,"10,000 ",不变,"北京 东北证券  行研实习生

1.搜集数据资料,撰写行业及公司研究报告,搭建公司财务模型;
2.搭建并更新行业数据库;
3.按照分析师要求,完成调研资料、会议纪要整理等其他日常事项;
4.梳理目标行业,利用各种渠道深度挖掘行业数据，完成行业数据搜集,完成目标赛道深度行研报告;
5.参与项目会议,协助投资经理完成访谈纪要,保证项目顺利进行;
6.协助对潜在投资项目进行尽职调查，为调查提供可靠的数据支持和分析报告。",,,,,,,,,,
,联合信用管理有限公司（需简历审核）,ai开发实习生,实地,1-2个月,北京,企业邮箱推荐信+实习证明+就业背调,简历评估+面试（根据简历情况）,"11,000 ",不收3个月,"北京 联合信用管理有限公司  ai开发实习生

【岗位职责】
1、参与⼤语⾔模型（LLM）的训练、调优和部署，确保模型性能达到最优；
2、协助研究和实现⼤规模语⾔模型（如ChatGLM、YaYi、LLAMA等），⽤于知识
库构建、垂直领域数据微调、AI AGENT等，以提升模型的知识储备和特定领域的
性能；
3、协助团队其他成员理解和应⽤⼤语⾔模型（LLM）技术；
4、了解学习⼤语⾔模型（LLM）前沿技术，基于场景进⾏技术迭代与完善，打造
有⾏业影响⼒的技术产品。
5、学习理解⼤语⾔模型（LLM）推理的原理和算法，持续优化⼯具性能和效率；
6、配合团队成员进⾏⼯具的测试、部署和集成；
7、协助编写相关技术⽂档，提供技术⽀持和培训。
【岗位要求】
1、本科及以上学历，计算机科学、⼈⼯智能或相关领域专业；
2、熟练掌握⾄少⼀种编程语⾔（如Python、C++等），具备良好的代码⻛格和编程
习惯；
3、对⼤语⾔模型（LLM）推理和AI AGENT技术有了解；
4、对⼤语⾔模型（LLM）训练的原理、算法和技巧有了解，具备相关知识和实践
经验优先；
5、对新技术充满热情，具备快速学习能⼒和创新思维。",,,,,,,,,,
,,数据分析师,实地,1-3个月,北京,企业邮箱推荐信+实习证明+就业背调,简历评估+面试（根据简历情况）,"11,000 ",不收3个月,"北京 联合信用管理有限公司  数据分析师

1、服务部⻔内部各项⼯作，数据、⽂件整理、⽤户⼿册编写等，解答⽤户问题；
2、处理部⻔数据的统计分析、数据⽇常核验校对等；
3、使⽤SQL、python等⼯具处理业务中遇到的相关数据；
4、协助公司算法团队、数据中台，参与规划并搭建业务数据集市。
【岗位要求】
1、本科及以上学历，数学、计算机、数据科学等相关专业优先；
2、熟练使⽤SQL、Python等进⾏数据处理和分析，熟练掌握数据分析⽅法并掌握
数据分析⼯具；
3、具备强烈责任⼼，良好沟通能⼒，良好的团队合作精神，有⼀定抗压能⼒。",都可预约,,,,,,,,,
,,前端开发实习生,实地,1-2个月,北京,企业邮箱推荐信+实习证明+就业背调,简历评估+面试（根据简历情况）,"11,000 ",不收3个月,"北京 联合信用管理有限公司  前端开发实习生

【岗位职责】
1. 负责Electron/Web端研发⼯作.
2. 负责Electron/Web前端代码框架优化和重构.
【岗位要求】
1、计算机及相关专业，本科或本科以上；
2、基础扎实，熟悉HTML5、CSS3、JavaScript、ES6等前端开发技术；
3、了解Vue框架的使⽤，掌握其原理，能独⽴开发常⽤组件；
4、了解前端⾃动化和⼯程化，熟悉webpack，熟练使⽤Git；
5、有较强的⾃学能⼒，⼯作积极主动，具有良好的沟通能⼒，团队合作精神，能
承担⼯作压⼒。",,,,,,,,,,
,,Java/python后端开发实习生,实地,1-2个月,北京,企业邮箱推荐信+实习证明+就业背调,简历评估+面试（根据简历情况）,"11,000 ",不收3个月,"北京 联合信用管理有限公司  Java/python后后端开发实习生

1、参与系统的设计、开发和维护，保证系统的稳定和⾼可⽤。
2、根据业务需求，参与技术可⾏性分析，设计和实现后端系统。
3、协助编写和维护技术⽂档，包括系统设计、接⼝定义、数据模型等。
4、对接前端开发团队，协同完成项⽬的开发和维护。
5、跟踪和研究最新的Java技术和⾦融⾏业的发展趋势，保持技术更新和创新。
【岗位要求】
1、计算机科学或相关专业的本科及以上学历；
2、具备Java开发经验，熟悉Spring Boot框架和微服务架构；
3、熟悉⾦融⾏业的相关业务和法规，有⾦融⾏业开发经验者优先；
4、了解Java开发技术，包括但不限于Spring、MyBatis、Hibernate等；
5、熟悉数据库技术，如MySQL、Oracle等，具备SQL优化经验；
6、熟悉Linux操作系统，具备基本的服务器配置和运维能⼒。
7、有良好的编码习惯和团队合作精神；
8、具备良好的学习能⼒和解决问题的能⼒。",,,,,,,,,,
,,数据库开发实习生,实地,1-2个月,北京,企业邮箱推荐信+实习证明+就业背调,简历评估+面试（根据简历情况）,"11,000 ",不收3个月,"北京 联合信用管理有限公司   数据库开发实习生

【岗位职责】
1、参与设计、开发并优化数据同步和迁移⼯具；
2、确保数据同步过程的安全性、准确性和效率；
3、协助团队，集成数据同步功能到现有系统；
4、参与编写技术⽂档以⽀持开发和维护⼯作；
5、跟踪最新技术趋势，评估和集成新⼯具或改进措施；
【岗位要求】
1、计算机科学或相关专业，本科及以上；
2、熟悉⾄少⼀种后端编程语⾔（如Java, Python, C#等）；
3、熟悉主流数据库（如Mysql、Orcale、PgSql、DB2、TdSql、Guassdb等）；
4、了解关系型数据库和⾮关系型数据库的原理和设计；
5、对数据完整性和同步策略有基础理解；
6、良好的英⽂读写能⼒。",,,,,,,,,,
,,IT开发/IT测试/项⽬管理,实地,1-2个月,北京,企业邮箱推荐信+实习证明+就业背调,简历评估+面试（根据简历情况）,"11,000 ",不收3个月,"北京 联合信用管理有限公司   IT开发/IT测试/项⽬管理

【岗位职责】
1、协助开发⼈员理解并对接项⽬需求。
2、参与产品测试，确保软件质量符合标准。
3、跟踪项⽬进度，确保按时交付。
4、及时响应客户反馈，并协助解决问题。
5、协助IT部⻔经理进⾏⽇常管理⼯作，包括但不限于会议安排、⽂档整理等。
6、协助撰写和编辑技术⽂档、⽤户⼿册等。
【岗位要求】
1、本科及以上学历，计算机科学、信息技术或相关专业优先；
2、良好的⽂字功底，能够撰写清晰、准确的技术⽂档；
3、细⼼且有条理，能够处理多任务并保持⾼效率；
4、具备基本的软件测试知识和技能；
5、良好的沟通能⼒和团队合作精神；
6、能够快速学习新技术和⼯具；
7、有相关⼯作经验者优先。",,,,,,,,,,
,,行业研究,实地,1-2个月,北京,企业邮箱推荐信+实习证明+就业背调,简历评估+面试（根据简历情况）,"11,000 ",不收3个月,"北京 联合信用管理有限公司   行业研究

【岗位职责】
1、协助项⽬负责⼈完成现场访谈、报告撰写、报告修改与相关数据的录⼊⼯作；
2、协助项⽬组负责⼈，对⾏业进⾏分析研究，形成有价值的⾏业分析报告
3、对已完成的项⽬及时整理归档；
4、完成公司交办的其他⼯作。
【岗位要求】
1.本科及以上学历,具有经济、⾦融和财务等专业背景；
2.具有⼀定的分析能⼒、数据处理能⼒、⽂字表达能⼒及沟通能⼒；
3.具有证券执业资格、CPA资格、CFA资格优先考虑。",,,,,,,,,,
,,行业资管研究,实地,1-2个月,北京,企业邮箱推荐信+实习证明+就业背调,简历评估+面试（根据简历情况）,"11,000 ",不收3个月,"北京 联合信用管理有限公司   行业资管研究

【岗位职责】
1、协助完成包括债券、股票、⼤宗商品等资本市场的宏观分析、投资策略研究及
⼤类资产配置研究，包括收集和分析相关数据、相关性分析、研判⾏情⾛势并撰写
有价值的综合分析报告。
2、协助对国家⾏业政策、资管⾏业市场趋势、理财市场指标特征等进⾏前瞻性研
究，⾯向机构客户提供相关投研产品及服务；
3、参与资管数据处理与分析，运⽤各种统计计量模型和机器学习算法，进⾏产品
定价策略研究、业绩归因、产品⻛险评价、综合评价等模型开发等；
4、⾦融市场、产品研究、热点主题研究，参与撰写资管⾏业定期分析报告、专业
研究报告；
5、及时完成领导交办的其他研究⼯作。
【岗位要求】
1、本科及以上学历，经济、⾦融、统计等相关专业；
2、对银⾏理财、基⾦、信托等资管产品有⽐较深⼊的了解；
3、熟悉Mysql操作，掌握Python、R语⾔的资格者优先；
4、熟悉常⽤统计计量模型、算法等，如时间序列分析、聚类分析等；
5、具有较强的分析判断能⼒、逻辑思维能⼒和语⾔表达能⼒；具备独⽴完成研究
能⼒、热爱⾦融投资领域；
6、对银⾏理财等资管产品有所了解。",,,,,,,,,,
,,商业分析/咨询（ESG⽅向）,实地,1-2个月,北京,企业邮箱推荐信+实习证明+就业背调,简历评估+面试（根据简历情况）,"11,000 ",不收3个月,"北京 联合信用管理有限公司   商业分析/咨询（ESG⽅向）

【岗位职责】
1、协助团队进⾏⾏业研究、数据收集、对标分析等⼯作；
2、整理会议访谈纪要，交付⽂档表格及协助其他项⽬任务；
3、协助团队完成ppt制作；
4、完成公司交办的其他⼯作。
【岗位要求】
1、专业不限，有咨询背景优先，具备基本商业分析及良好沟通能⼒；
2、熟悉使⽤PPT、Excel等办公软件；
3、积极主动，能承受⼯作压⼒与挑战。",商务类,,,,,,,,,
,,量化分析师,实地,1-2个月,北京,企业邮箱推荐信+实习证明+就业背调,简历评估+面试（根据简历情况）,"11,000 ",不收3个月,"北京 联合信用管理有限公司   量化分析师

【职位描述】
1、资管数据处理与分析；
2、撰写资管⾏业定期分析报告；
3、运⽤各种统计计量模型和机器学习算法，构建资管产品定价策略、业绩归因、
⻛险评价、综合评价等模型；
4、完成领导交办的其他⼯作。
【职位要求】
1、经济、⾦融、统计、数学等相关专业，本科以上学历；
2、熟悉Mysql操作，⾄少熟练掌握Python、R语⾔中的⼀种；
3、熟悉常⽤统计计量模型、算法等，如时间序列分析、聚类分析等；
4、对银⾏理财等资管产品有所了解。",联合资信  信用评级，服务银行间市场客户,,,,,,,,,
,,债券市场分析师,实地,1-2个月,北京,企业邮箱推荐信+实习证明+就业背调,简历评估+面试（根据简历情况）,"11,000 ",不收3个月,"北京 联合信用管理有限公司   债券市场分析师

【职位描述】
1、参与客户信⽤评级⼯作，包括尽职调查、收集评级资料，撰写信⽤评级报告
等；
2、持续跟踪客户发展情况，参与完成跟踪评级⼯作，维护好客户关系；
3、参与整理信⽤评级资料，维护和更新公司信⽤评级数据库信息；
4、参与监管部⻔、投资者等就其负责的评级项⽬的评级结果和有关事宜的询问；
5、完成公司交办的其他⼯作。
【职位要求】
1、具有经济、⾦融和财务等专业背景；
2、熟悉公司财务分析和⾏业分析的基本⽅法，研究分析能⼒和写作能⼒强；
3、具有良好的综合素质和沟通能⼒；
4、具备较强的团队协作能⼒和组织协调能⼒，能够承担⼯作压⼒；
5、具有证券从业资格、CPA资格、CFA资格、对宏观经济、信⽤评级有深⼊研究
者优先考虑。",,,,,,,,,,
,,市场品牌,实地,1-2个月,上海,企业邮箱推荐信+实习证明+就业背调,简历评估+面试（根据简历情况）,"11,000 ",不收3个月,"北京 联合信用管理有限公司   市场品牌

【职位描述】
1、协助部⻔各类⽂案、PPT⽅案的策划与撰写；
2、协助运营公众号相关内容；
2、参与各类品牌沙⻰活动的企划与实施；
3、协助部⻔合作项⽬的关系协调与统筹推进；
4、其他部⻔⾏政类事务的处理。
【岗位要求】
1、具有较强的逻辑思维能⼒，⽂字功底扎实；
2、思路清晰，灵活敏捷，善于沟通，语⾔表达能⼒强；
3、为⼈踏实，稳健，好学，积极肯⼲。",,,,,,,,,,
,,法务实习生,实地,1-2个月,北京,企业邮箱推荐信+实习证明+就业背调,简历评估+面试（根据简历情况）,"11,000 ",不收3个月,"北京 联合信用管理有限公司   法务实习生

1、协助法务部⻔处理⽇常法律事务，包括但不限于合同起草、审核、修改等；
2、协助处理公司与外部律师的沟通和协调⼯作；
3、协助催款，通过电话短信、律师函等；
4、协助处理涉诉案件，包括但不限于起诉、应诉、调解等；
5、协助处理法律⻛险评估和管理。
【岗位要求】
1、⼤专及以上学历，法律专业优先；
2、具备良好的法律基础知识和法律实务能⼒；
3、具备良好的沟通能⼒和团队协作能⼒；
4、具备较强的责任⼼和⼯作积极性；
5、熟练掌握办公软件和法律相关软件。",,,,,,,,,,
,,人力资源,实地,1-2个月,北京,企业邮箱推荐信+实习证明+就业背调,简历评估+面试（根据简历情况）,"11,000 ",不收3个月,"北京 联合信用管理有限公司   人力资源

【岗位职责】
1、招聘岗位信息发布，简历筛选，沟通安排⾯试；
2、⾯试跟进，谈offer、⼊职审批、跟进⼊职等事项；
3、维护招聘平台账号，更新并提升公司形象；
4、能够及时响应和解决员⼯的招聘问题和建议；
5、领导交办的其他⼯作。
【岗位要求】
1、具备基本的招聘知识，熟悉常⻅的招聘渠道和⽅式，热爱招聘；
2、能够熟练使⽤Microsoft Office、⽹络编辑器等办公软件；
3、沟通能⼒和团队协作能⼒优秀，具备⼀定的学习能⼒和适应能⼒；
4、主动、积极、负责，有服务意识和耐⼼，能够承担较强的⼯作压⼒；
7、有⼈⼒相关经验优先。",,,,,,,,,,
,,资管⾏业分析,实地,1-2个月,北京,企业邮箱推荐信+实习证明+就业背调,简历评估+面试（根据简历情况）,"11,000 ",不收3个月,"北京 联合信用管理有限公司：资管⾏业分析

【岗位职责】
1、协助完成包括债券、股票、⼤宗商品等资本市场的宏观分析、投资策略研究及
⼤类资产配置研究，包括收集和分析相关数据、相关性分析、研判⾏情⾛势并撰写
有价值的综合分析报告。
2、协助对国家⾏业政策、资管⾏业市场趋势、理财市场指标特征等进⾏前瞻性研
究，⾯向机构客户提供相关投研产品及服务；
3、参与资管数据处理与分析，运⽤各种统计计量模型和机器学习算法，进⾏产品
定价策略研究、业绩归因、产品⻛险评价、综合评价等模型开发等；
4、⾦融市场、产品研究、热点主题研究，参与撰写资管⾏业定期分析报告、专业
研究报告；
5、及时完成领导交办的其他研究⼯作。
【岗位要求】
1、本科及以上学历，经济、⾦融、统计等相关专业；
2、对银⾏理财、基⾦、信托等资管产品有⽐较深⼊的了解；
3、熟悉Mysql操作，掌握Python、R语⾔的资格者优先；
4、熟悉常⽤统计计量模型、算法等，如时间序列分析、聚类分析等；
5、具有较强的分析判断能⼒、逻辑思维能⼒和语⾔表达能⼒；具备独⽴完成研究
能⼒、热爱⾦融投资领域；
6、对银⾏理财等资管产品有所了解。",,,,,,,,,,
,,FA/项⽬管理,实地,1-2个月,北京,企业邮箱推荐信+实习证明+就业背调,简历评估+面试（根据简历情况）,"11,000 ",不收3个月,"北京  联合信用管理有限公司：FA/市场营销/项⽬管理

【职责描述】
1、参与维护企业固有渠道，与企业、券商定期沟通；
2、参与前期对接评级项⽬：包括企业资料梳理，对项⽬初期的评级思路进⾏沟
通；
3、参与跟进后续项⽬进度：协调进场⼯作和⼈员进场时间安排、项⽬费⽤沟通、
项⽬进度的协调等；
4、参与市场拓展⼯作：通过分析市场环境情况，进⾏战略布局等。
【任职要求】
1、本科及以上学历，市场营销、管理、⾦融、财务或经济相关专业毕业；
2、为⼈热情，性格开朗，积极进取；
3、正直、⾃信、沉稳、有进取⼼，外在形象良好；
4、具备良好沟通表达能⼒，⼀定的组织协调能⼒和处理复杂事务能⼒。
【岗位优势】
1、做市场前端⼯作，接触⾯⼴。和企业、券商打交道⽐较多，迅速积累资源；
2、接触客户级别⾼；
3、公司氛围好，相对⾃由；
4、⼈员整体素质⾼。",,,,,,,,,,
,,市场营销,实地,1-2个月,上海,企业邮箱推荐信+实习证明+就业背调,简历评估+面试（根据简历情况）,"11,000 ",不收3个月,"上海  联合信用管理有限公司：市场营销

【职责描述】
1、参与维护企业固有渠道，与企业、券商定期沟通；
2、参与前期对接评级项⽬：包括企业资料梳理，对项⽬初期的评级思路进⾏沟
通；
3、参与跟进后续项⽬进度：协调进场⼯作和⼈员进场时间安排、项⽬费⽤沟通、
项⽬进度的协调等；
4、参与市场拓展⼯作：通过分析市场环境情况，进⾏战略布局等。
【任职要求】
1、本科及以上学历，市场营销、管理、⾦融、财务或经济相关专业毕业；
2、为⼈热情，性格开朗，积极进取；
3、正直、⾃信、沉稳、有进取⼼，外在形象良好；
4、具备良好沟通表达能⼒，⼀定的组织协调能⼒和处理复杂事务能⼒。
【岗位优势】
1、做市场前端⼯作，接触⾯⼴。和企业、券商打交道⽐较多，迅速积累资源；
2、接触客户级别⾼；
3、公司氛围好，相对⾃由；
4、⼈员整体素质⾼。",,,,,,,,,,
